pool_id,chain,project,symbol,pool_meta,tvl_usd,apy_base,apy_reward,stablecoin,pulled_at,project_canon
81ae8812-f04f-4f6e-9d71-ee5778f3a178,Base,morpho-v1,STEAKUSDC,,417104305,5.40031,0.0,True,2025-12-14T21:56:31.158038,morpho-v1
a5fab52f-73fa-4f44-9c09-9af1eb20996c,Base,morpho-v1,SPARKUSDC,,304028486,5.38073,0.0,True,2025-12-14T21:56:31.158038,morpho-v1
e0672197-9f3e-4414-bca5-e6b4c90aa469,Base,morpho-v1,GTUSDCP,,177563537,5.39795,0.21226,True,2025-12-14T21:56:31.158038,morpho-v1
7820bd3c-461a-4811-9f0b-1d39c1503c3f,Base,morpho-v1,STEAKUSDC,,70379570,5.4003,0.21226,True,2025-12-14T21:56:31.158038,morpho-v1
4c45cc9e-e1a4-43c9-8a3d-687d96abb07c,Arbitrum,fluid-lending,USDC,,68100182,3.03,1.72,True,2025-12-14T21:56:31.158038,fluid-lending
8622e84a-794b-4b68-aad2-a6a2e0e0d2c7,Hyperliquid,morpho-v1,FEUSDC,,59311636,6.6886,0.0,True,2025-12-14T21:56:31.158038,morpho-v1
aebb9f47-d15b-4671-8fe3-debb6e913ae2,Arbitrum,morpho-v1,GTUSDCC,,58367851,4.11187,1.25762,True,2025-12-14T21:56:31.158038,morpho-v1
9f9b14d8-4eaa-4718-85e9-43ca843f6dc6,Arbitrum,fluid-lending,USD₮0,,46585558,2.59,2.13,True,2025-12-14T21:56:31.158038,fluid-lending
d294fa4d-c6df-4e6e-a6fd-ed8f5d7d6d37,Base,morpho-v1,SMUSDC,,34423796,5.39808,0.0,True,2025-12-14T21:56:31.158038,morpho-v1
b39b492a-0a64-4926-8598-d5acf05d62b5,Base,morpho-v1,MWUSDC,,30918373,5.40033,0.11744,True,2025-12-14T21:56:31.158038,morpho-v1
70a7ce84-e3e1-4ef1-933e-7a699ee58b95,Katana,morpho-v1,GTUSDC,,30634822,1.07913,4.74731,True,2025-12-14T21:56:31.158038,morpho-v1
c1949c46-0c01-445f-8017-b3192d9913bc,Base,morpho-v1,PUSDC,,29705893,5.40033,0.0,True,2025-12-14T21:56:31.158038,morpho-v1
12129238-0fcc-4236-abc7-32570391c6c8,Arbitrum,fluid-lending,SYRUPUSDC,,28936968,0.0,0.0,True,2025-12-14T21:56:31.158038,fluid-lending
1c9fb97d-f432-44fb-89a0-8120b4cae95c,Hyperliquid,morpho-v1,FEUSDH,,27758253,1.60973,0.0,True,2025-12-14T21:56:31.158038,morpho-v1
9383bed8-c5cd-4ca1-8692-a8447773a360,Arbitrum,fluid-dex,USDAI-USDC,,25330012,0.01902,,True,2025-12-14T21:56:31.158038,fluid-dex
6b655652-e718-4cba-a17b-42ee036531dc,Optimism,morpho-v1,GTUSDCP,,24431520,2.02266,4.36397,True,2025-12-14T21:56:31.158038,morpho-v1
600291d6-c8f3-47b0-81a0-98a64d123f3e,Arbitrum,fluid-dex,USDC-USD₮0,,23936635,0.16022,,True,2025-12-14T21:56:31.158038,fluid-dex
7372edda-f07f-4598-83e5-4edec48c4039,Base,fluid-lending,USDC,,23792916,3.75,1.61,True,2025-12-14T21:56:31.158038,fluid-lending
0fd780bc-de70-42bc-b2db-6afa5f9ad56c,Arbitrum,morpho-v1,SUSDS,,22785678,,,True,2025-12-14T21:56:31.158038,morpho-v1
4d967fdf-09f4-43ef-9429-653ec974e7ee,Arbitrum,fluid-dex,SUSDE-USD₮0,,20264819,0.04714,,True,2025-12-14T21:56:31.158038,fluid-dex
d716dd56-359d-4dad-b89b-ac8f95df505e,Hyperliquid,morpho-v1,FEUSDT0,,16658806,3.19014,0.0,True,2025-12-14T21:56:31.158038,morpho-v1
d56ab93e-d48d-44f2-8139-9bb020afc980,Katana,morpho-v1,STEAKUSDC,,15840133,0.89603,4.85523,True,2025-12-14T21:56:31.158038,morpho-v1
8e68dfc4-646e-4fdc-b068-891296c80fb5,Arbitrum,fluid-dex,SUSDAI-USDC,,15373627,0.34082,,True,2025-12-14T21:56:31.158038,fluid-dex
646df9da-01ef-4da5-9746-acbf12f70cfa,Arbitrum,morpho-v1,HYPERUSDC,,12070724,5.12555,1.09845,True,2025-12-14T21:56:31.158038,morpho-v1
192de07e-d88d-4911-bcf2-829c4527e604,Base,fluid-dex,USDAI-USDC,,10345979,0.63624,,True,2025-12-14T21:56:31.158038,fluid-dex
a8377123-ab6a-4df7-b873-8490a47e2881,Hyperliquid,morpho-v1,FEUSDT02,,10344942,6.68519,0.0,True,2025-12-14T21:56:31.158038,morpho-v1
ab58f237-9d33-4594-b731-7e399c93e234,Optimism,morpho-v1,SUSDC,,10202224,,,True,2025-12-14T21:56:31.158038,morpho-v1
ec49cd0b-42a0-4933-9668-f9778305d34b,Arbitrum,morpho-v1,SYRUPUSDC,,10115061,,,True,2025-12-14T21:56:31.158038,morpho-v1
445aec38-67cf-4aa8-af22-639875df0f78,Arbitrum,fluid-dex,SYRUPUSDC-USDC,,10052844,0.09233,,True,2025-12-14T21:56:31.158038,fluid-dex
2902e32c-4b8a-475a-827c-eb3f86085cdb,Base,fluid-dex,SYRUPUSDC-USDC,,10012349,0.00036,,True,2025-12-14T21:56:31.158038,fluid-dex
8a8c88a3-d712-4a60-997f-b7e6c1c3256e,Hyperliquid,morpho-v1,RERUSDC,,9991793,0.00996,0.0,True,2025-12-14T21:56:31.158038,morpho-v1
02d54f06-7b42-4d91-ba44-aac97123bdfa,Monad,morpho-v1,BBQUSDC,,9547134,2.87161,3.5153,True,2025-12-14T21:56:31.158038,morpho-v1
ee11e86e-1771-4847-8b49-40c68f85cd46,Monad,morpho-v1,BBQUSDC,,9545079,4.28825,3.80246,True,2025-12-14T21:56:31.158038,morpho-v1
377f2c68-9740-4a9e-a606-09fdfd5129fe,Katana,morpho-v1,GTUSDT,,9008423,0.83693,0.74881,True,2025-12-14T21:56:31.158038,morpho-v1
2bba08d7-0e3b-48c6-a837-bc37c5bb5f8d,Monad,morpho-v1,WSRUSD,,8935384,,,True,2025-12-14T21:56:31.158038,morpho-v1
29f136e4-979f-4a31-8937-21e130a2b5f4,Katana,morpho-v1,YVVBUSDC,,8918216,,,True,2025-12-14T21:56:31.158038,morpho-v1
23c5f50c-ee67-46eb-a813-3ab665b105fe,Katana,morpho-v1,YVVBUSDT,,8857992,,,True,2025-12-14T21:56:31.158038,morpho-v1
19d0ddd5-083a-4839-a01a-5fdf066e94a3,Arbitrum,fluid-lending,GHO,,8482871,3.02,2.73,True,2025-12-14T21:56:31.158038,fluid-lending
e9bfd1d5-658b-4732-9d5b-42afa4d7277a,Unichain,morpho-v1,GTUSDCC,,8158402,0.12921,5.65103,True,2025-12-14T21:56:31.158038,morpho-v1
bab5837b-cbe2-4fec-ac8a-f3362c7ac1d5,Polygon,morpho-v1,COMPUSDC,,7540594,2.42472,0.0,True,2025-12-14T21:56:31.158038,morpho-v1
7aad812f-4ed1-42ea-8c8f-654b5ef49d25,Arbitrum,morpho-v1,GTUSDCP,,7515897,3.75813,1.18547,True,2025-12-14T21:56:31.158038,morpho-v1
183b296c-f3a9-4233-87f3-40cfc5c28d18,Base,morpho-v1,EXMUSDC,,7356966,5.39593,0.65535,True,2025-12-14T21:56:31.158038,morpho-v1
be7c5eed-aee8-4f40-bc82-f7b8c5a34f37,Arbitrum,fluid-lending,WSTUSR,,7303588,0.0,0.0,True,2025-12-14T21:56:31.158038,fluid-lending
ebf0ae1d-9f42-4273-9e8e-5e52fd0399ea,Arbitrum,morpho-v1,CSUSDC,,6846451,5.2988,1.08869,True,2025-12-14T21:56:31.158038,morpho-v1
c1aee434-6c8e-4958-a851-eda8ab8bb32d,Base,morpho-v1,MWEURC,,6572809,0.71476,1.92049,True,2025-12-14T21:56:31.158038,morpho-v1
7d2051f5-3442-479c-a199-24d9512d81b2,Katana,morpho-v1,WSRUSD,,6311992,,,True,2025-12-14T21:56:31.158038,morpho-v1
bf346d43-ef94-4277-b159-ebadb93caef1,Base,morpho-v1,BBQUSDC,,6115458,5.45702,0.21226,True,2025-12-14T21:56:31.158038,morpho-v1
85f878ab-9ae3-4524-afa5-f1356dfb361f,Arbitrum,euler-v2,USDC,EVK Vault eUSDC-2,5948282,3.34984,,True,2025-12-14T21:56:31.158038,euler-v2
44a4e84a-4ad1-4783-ac83-3d7e432220ea,Base,morpho-v1,MEUSD,,5938825,0.23383,0.0,True,2025-12-14T21:56:31.158038,morpho-v1
cd35c563-0b37-47f6-a522-c7e5240b3f65,Base,morpho-v1,STEAKEURC,,5788782,1.44574,1.17981,True,2025-12-14T21:56:31.158038,morpho-v1
200fd130-7cd2-4eec-a24d-03c12dfb4751,Katana,morpho-v1,BBQUSDC,,5280454,4.95905,4.85523,True,2025-12-14T21:56:31.158038,morpho-v1
c13f1940-9965-4eee-b7e8-af785591ceda,Arbitrum,morpho-v1,BBQUSDC,,4672479,4.08101,1.4502,True,2025-12-14T21:56:31.158038,morpho-v1
059fa0e6-7402-498c-bfa8-561baf4e82ec,Avalanche,euler-v2,USDC,EVK Vault eUSDC-19,4518805,6.06978,,True,2025-12-14T21:56:31.158038,euler-v2
2d3cb29c-5a48-4ef0-8761-16796f9f143c,Arbitrum,morpho-v1,YDG-USDC,,4463218,5.22252,1.14158,True,2025-12-14T21:56:31.158038,morpho-v1
800c94ce-23db-4ee8-ab56-44fe0da9905f,Base,morpho-v1,RE7USDC,,4092607,5.80191,0.0,True,2025-12-14T21:56:31.158038,morpho-v1
735fb238-6c21-44b0-9f02-31fb880836e6,Base,morpho-v1,YOUSD,,4090385,,,True,2025-12-14T21:56:31.158038,morpho-v1
18e2bbf0-f05f-4802-8e1e-d0ec4ab9a4d0,Base,fluid-lending,EURC,,4036805,1.23,2.3,True,2025-12-14T21:56:31.158038,fluid-lending
8284ad2b-7a48-463f-8295-1e93ba80552a,Katana,morpho-v1,YVAUSD,,3816880,,,True,2025-12-14T21:56:31.158038,morpho-v1
3442a28d-039b-4931-b762-c7f921450351,Katana,morpho-v1,GTAUSD,,3794660,0.47664,0.0,True,2025-12-14T21:56:31.158038,morpho-v1
652e70b1-6489-4e6c-93c7-40c1ec72e272,Base,fluid-lending,GHO,,3718225,2.56,4.29,True,2025-12-14T21:56:31.158038,fluid-lending
244d02aa-7ebf-4cf8-959c-abb350e0d677,Hyperliquid,morpho-v1,FEUSDHL,,3528589,3.93516,0.0,True,2025-12-14T21:56:31.158038,morpho-v1
fc3b1c80-83bc-453f-91d9-106cb58443a6,Unichain,morpho-v1,GTUSDT0C,,3329017,0.02457,5.19469,True,2025-12-14T21:56:31.158038,morpho-v1
65653183-7d69-408f-a76c-9dd2914f306f,Base,morpho-v1,GTUSDCC,,3168275,5.37015,0.0,True,2025-12-14T21:56:31.158038,morpho-v1
82e1f694-1a4e-4390-93ef-ca416bcbe69d,Arbitrum,morpho-v1,SUSDAI,,3101728,,,True,2025-12-14T21:56:31.158038,morpho-v1
fa3d7f72-7a2e-4275-863a-228cb247a096,Hyperliquid,morpho-v1,GTUSDCC,,3073055,6.6425,0.0,True,2025-12-14T21:56:31.158038,morpho-v1
832c94db-4948-4f14-aa65-af6e737d984e,Base,morpho-v1,BBQUSDC,,2941761,5.48614,0.21226,True,2025-12-14T21:56:31.158038,morpho-v1
b64ea0b3-befa-4333-be3d-91f0d19e3e6d,Polygon,fluid-lending,USDC,,2915906,4.04,0.0,True,2025-12-14T21:56:31.158038,fluid-lending
59821f18-29a2-4086-9841-8417a4101c83,Katana,morpho-v1,STEAKAUSD,,2889014,0.17195,0.0,True,2025-12-14T21:56:31.158038,morpho-v1
91a13ad5-0687-4d6f-a789-da86b149d817,Arbitrum,euler-v2,USDC,EVK Vault eUSDC-6,2560024,5.78583,,True,2025-12-14T21:56:31.158038,euler-v2
2fd1cfc4-4a39-4db5-8a65-ca7b67470033,Polygon,morpho-v1,COMPUSDT,,2279324,2.3012,0.0,True,2025-12-14T21:56:31.158038,morpho-v1
44b5ceb6-274a-4193-9665-ff497ec1e535,Base,morpho-v1,HYCSUSDC,,1898075,6.13853,0.0,True,2025-12-14T21:56:31.158038,morpho-v1
0ac2ba70-3590-4214-9963-d8018d964041,Monad,morpho-v1,WSRUSD,,1613201,,,True,2025-12-14T21:56:31.158038,morpho-v1
5b8bbe28-78fe-4c17-b4dc-18161dc59b2d,Base,morpho-v1,BSDETH,,1605811,,,True,2025-12-14T21:56:31.158038,morpho-v1
dad0dcf0-b2cb-400a-882c-3c29381411d0,Linea,euler-v2,MUSD,EVK Vault emUSD-3,1574187,0.17557,,True,2025-12-14T21:56:31.158038,euler-v2
5b612a74-c463-4f9d-902b-b921f4fcb07c,Monad,morpho-v1,BBQAUSD,,1444526,9.90551,0.48448,True,2025-12-14T21:56:31.158038,morpho-v1
462bf18a-d7c7-49e9-9d36-ae826758897c,Monad,morpho-v1,BBQAUSD,,1444247,9.35474,1.47503,True,2025-12-14T21:56:31.158038,morpho-v1
4a61f9bc-3e9a-4849-8b2c-67574dd22a86,Polygon,fluid-lending,USDT0,,1421290,2.45,0.0,True,2025-12-14T21:56:31.158038,fluid-lending
ea0477f6-4ead-4339-926d-eeff9e11580b,Arbitrum,euler-v2,USDC,EVK Vault eUSDC-5,1305758,5.94856,,True,2025-12-14T21:56:31.158038,euler-v2
7f819670-f133-4d88-ac17-962d9a9d29a9,Polygon,morpho-v1,BBQUSDC,,1237295,6.29575,0.0,True,2025-12-14T21:56:31.158038,morpho-v1
35643b7f-934d-4343-9f42-ce3d261bd6ba,Base,morpho-v1,CBADA,,1233028,,,True,2025-12-14T21:56:31.158038,morpho-v1
47548a32-63c2-4485-b348-eac2cc3a587f,Base,morpho-v1,RE7USDC,,1225271,5.28384,0.21226,True,2025-12-14T21:56:31.158038,morpho-v1
6909ddbe-3535-40bd-9732-173c499fe50a,Base,fluid-dex,USDC-WSTUSR,,1176903,0.09524,,True,2025-12-14T21:56:31.158038,fluid-dex
bbe79ed7-aa06-47cc-917d-a3a119f08fdd,Polygon,fluid-dex,AUSD-USDC,,1133403,0.00482,,True,2025-12-14T21:56:31.158038,fluid-dex
34b65551-cca1-48f4-9a62-2145c24e92a4,Base,morpho-v1,CSUSDC,,1070690,5.91341,0.0,True,2025-12-14T21:56:31.158038,morpho-v1
305edf0e-a304-42db-b2f1-7a427841bc80,Base,morpho-v1,GTUSDCF,,964934,5.38289,0.21226,True,2025-12-14T21:56:31.158038,morpho-v1
1e3566c2-fe29-4e2b-a127-d8fa608a388a,Arbitrum,morpho-v1,STEAKUSDC,,839789,4.10536,0.21078,True,2025-12-14T21:56:31.158038,morpho-v1
581dba51-e158-4bb7-9b16-990532a910dd,Katana,morpho-v1,BBQAUSD,,822716,3e-05,0.0,True,2025-12-14T21:56:31.158038,morpho-v1
8d271d60-5cbb-4ba1-9fc3-f5b7e818a0c4,Base,morpho-v1,APUSDC,,803039,5.40033,0.21226,True,2025-12-14T21:56:31.158038,morpho-v1
c29704a4-3537-459d-bc4d-1f8812f28bcd,Base,morpho-v1,EDGEUSDC,,760690,3.4479,0.21226,True,2025-12-14T21:56:31.158038,morpho-v1
b37b45c8-a9fd-4afe-a666-2b6cb0fbe685,Arbitrum,euler-v2,SUSDC,EVK Vault esUSDC-1,706807,1e-05,,True,2025-12-14T21:56:31.158038,euler-v2
a5a41daf-40da-435f-854c-4a9e9df99d32,Hyperliquid,morpho-v1,GTUSDT0,,676762,3.12187,0.0,True,2025-12-14T21:56:31.158038,morpho-v1
b66bc273-8292-42f8-a4f6-212da9254423,Arbitrum,morpho-v1,MCUSDC,,652166,0.0,0.0,True,2025-12-14T21:56:31.158038,morpho-v1
2233ee0d-e68e-4256-83ef-c9fd04f57c4b,Linea,euler-v2,USDT,EVK Vault eUSDT-1,602146,2.66133,,True,2025-12-14T21:56:31.158038,euler-v2
508568ca-509e-4cc8-829a-f68eac16c6e1,Arbitrum,fluid-dex,WSTUSR-USDC,,596364,0.08003,,True,2025-12-14T21:56:31.158038,fluid-dex
30a02746-0948-4c69-9c42-27f23767ca20,Hyperliquid,morpho-v1,HYPERUSDT0,,553195,6.69903,0.0,True,2025-12-14T21:56:31.158038,morpho-v1
33fecd5d-bb63-43ab-9fbf-51137206192d,Base,morpho-v1,MEVFUSDC,,550710,0.36947,0.15684,True,2025-12-14T21:56:31.158038,morpho-v1
ba68527f-8ec2-4c55-827a-8f4673ae047c,Base,morpho-v1,STEAKUSDC,,521451,5.40028,0.21226,True,2025-12-14T21:56:31.158038,morpho-v1
32528946-f8ce-403f-897c-5feb4e988a6f,Avalanche,euler-v2,UTY,EVK Vault eUTY-1,496123,0.0066,,True,2025-12-14T21:56:31.158038,euler-v2
cbd07875-9dc3-4b17-909f-e1d3c6e9ebda,Base,morpho-v1,UUSDC,,471947,3.81856,0.0,True,2025-12-14T21:56:31.158038,morpho-v1
d710ca08-6f7d-4617-8909-7d00486a226c,Arbitrum,euler-v2,USDC,EVK Vault eUSDC-1,468894,3.44081,,True,2025-12-14T21:56:31.158038,euler-v2
081c82df-cb69-49fd-948c-fb17f98f7353,Base,euler-v2,YOUSD,EVK Vault eyoUSD-1,448088,0.01096,,True,2025-12-14T21:56:31.158038,euler-v2
49d63732-5d8e-44ec-b254-93d234625ff9,Hyperliquid,morpho-v1,FEUSDHL2,,421801,9.45004,0.0,True,2025-12-14T21:56:31.158038,morpho-v1
f506d5a5-62ca-4bba-85f4-669f01eaf0c8,Arbitrum,fluid-lending,SYRUPUSDC,,397408,0.0,0.0,True,2025-12-14T21:56:31.158038,fluid-lending
26ed91af-1734-4d66-b9cd-edc3f084152e,Hyperliquid,morpho-v1,HBUSDT,,353241,,,True,2025-12-14T21:56:31.158038,morpho-v1
8c0c396d-1feb-4eca-b1e8-b84aeb735f92,Base,morpho-v1,SIRLOINUSDC,,349340,5.39939,0.0,True,2025-12-14T21:56:31.158038,morpho-v1
92a97f48-005e-4819-a838-f442ea92c401,Base,morpho-v1,GTUSDCF,,334619,5.39983,0.21226,True,2025-12-14T21:56:31.158038,morpho-v1
244cd5d7-952f-4178-9c67-80002e69ff94,Arbitrum,fluid-lending,SUSDE,,326416,0.0,0.0,True,2025-12-14T21:56:31.158038,fluid-lending
aeeaedb8-4f92-4f4d-b439-426a056edc54,Arbitrum,fluid-lending,SUSDE,,289479,0.0,0.0,True,2025-12-14T21:56:31.158038,fluid-lending
d5dbab56-465c-4063-bb6a-7caa87b9abb3,Base,morpho-v1,HYUSD,,242811,,,True,2025-12-14T21:56:31.158038,morpho-v1
966430a6-9a8b-421d-9576-a7a20082cebf,Unichain,euler-v2,SUSDC,EVK Vault esUSDC-1,232865,0.69962,,True,2025-12-14T21:56:31.158038,euler-v2
bc97592b-174c-473b-8883-57c87ea5ee12,Arbitrum,fluid-lending,USDAI,,228309,0.0,0.0,True,2025-12-14T21:56:31.158038,fluid-lending
0e7603b7-ab05-485f-b7d3-ae3ac3545529,Base,morpho-v1,GTEURCC,,218420,1.64586,1.08751,True,2025-12-14T21:56:31.158038,morpho-v1
ad84e9e8-709a-46bb-befe-4b5bbbc85e38,Base,morpho-v1,APVCHF,,213427,0.00805,0.0,True,2025-12-14T21:56:31.158038,morpho-v1
de9689f0-1604-4b04-8c96-2bb00fc0d4f5,Katana,morpho-v1,D3-DUSD,,203739,1.23652,0.0,True,2025-12-14T21:56:31.158038,morpho-v1
df070127-29a7-475f-b499-169d59e1caeb,Arbitrum,morpho-v1,SSUPERUSD,,202572,,,True,2025-12-14T21:56:31.158038,morpho-v1
add4874c-80aa-465f-8cd4-17d57403fb2f,Hyperliquid,morpho-v1,HBUSDT,,197357,,,True,2025-12-14T21:56:31.158038,morpho-v1
28ceb01b-376e-4900-8e49-c590a46ac7e8,Hyperliquid,morpho-v1,MCUSR,,190001,7.47072,0.0,True,2025-12-14T21:56:31.158038,morpho-v1
27be7cf4-cdfd-4844-8979-1f791d9500dc,Hyperliquid,morpho-v1,GTUSDE,,179262,7.45729,0.0,True,2025-12-14T21:56:31.158038,morpho-v1
fcec4617-e07b-4e12-99cf-8739696baebe,Polygon,fluid-dex,USDC-USDT0,,174960,0.3382,,True,2025-12-14T21:56:31.158038,fluid-dex
2bd2f9c2-c92a-4b12-a0c6-ab882e326775,Berachain,euler-v2,HONEY,EVK Vault eHONEY-9,166301,0.7516,,True,2025-12-14T21:56:31.158038,euler-v2
4e779744-ce96-4185-a461-39447619989a,Linea,euler-v2,USDC,EVK Vault eUSDC-1,165472,1.72966,,True,2025-12-14T21:56:31.158038,euler-v2
bca320c4-ddd6-45a6-8d02-f9021f752f06,Arbitrum,morpho-v1,CSHYUSDC,,153296,4.97158,1.13516,True,2025-12-14T21:56:31.158038,morpho-v1
8395e9c7-a26d-4e9c-a6e9-7cc002244979,Base,euler-v2,USDC,EVK Vault eUSDC-49,152648,6.90814,,True,2025-12-14T21:56:31.158038,euler-v2
7ba506b8-9265-450d-9111-281fa6b57657,Base,euler-v2,USDC,EVK Vault eUSDC-46,151176,0.91336,,True,2025-12-14T21:56:31.158038,euler-v2
7967b626-a833-4e5a-b00b-15e2f5f41d55,Arbitrum,fluid-dex,USDE-USD₮0,,151004,3.59284,,True,2025-12-14T21:56:31.158038,fluid-dex
cdceab95-d86a-4c0f-8ea2-d0f0877ffe36,Optimism,morpho-v1,MWUSDC,,135278,0.94391,0.0,True,2025-12-14T21:56:31.158038,morpho-v1
68f3baab-dff6-4218-abb2-bb9cb0d87921,Katana,morpho-v1,CSVBUSDC,,107066,3.21338,4.56602,True,2025-12-14T21:56:31.158038,morpho-v1
d3325c3d-cd57-4264-80e7-4cb0c9a087e0,Arbitrum,euler-v2,SUSDS,EVK Vault esUSDS-1,104214,0.0,,True,2025-12-14T21:56:31.158038,euler-v2
df7ccfd1-2642-4d79-851a-a5b07d9b8a97,Base,morpho-v1,GTUSDCP,,103572,5.40043,0.21226,True,2025-12-14T21:56:31.158038,morpho-v1
5b778e69-bfb8-4665-8e1d-37ccc9015fe3,Arbitrum,morpho-v1,EDGEUSDC,,100390,4.1049,1.72455,True,2025-12-14T21:56:31.158038,morpho-v1
653da8ee-9f30-4c16-bdcb-06b533afdf8e,Optimism,morpho-v1,EDGEUSDC,,100109,1.43479,0.0,True,2025-12-14T21:56:31.158038,morpho-v1
dde11450-4d39-4b7e-8734-3c18436e7b51,Base,morpho-v1,SATUSD,,99628,,,True,2025-12-14T21:56:31.158038,morpho-v1
2d02765d-1444-46a0-8046-cd7af0c06ac1,Base,euler-v2,USDC,EVK Vault eUSDC-1,96331,4.0642,,True,2025-12-14T21:56:31.158038,euler-v2
588e26a0-057a-455d-8bc4-c47e454d9260,Katana,morpho-v1,YVVBUSDT,,88789,,,True,2025-12-14T21:56:31.158038,morpho-v1
04b89e37-f46b-486f-9357-8a013980fa4b,Hyperliquid,morpho-v1,HBUSDT,,79972,,,True,2025-12-14T21:56:31.158038,morpho-v1
418abd4f-d519-40d6-af16-403ad1d78cb7,Base,morpho-v1,STEAKXSGD,,78206,1.02337,0.0,True,2025-12-14T21:56:31.158038,morpho-v1
0dfc66d9-74eb-41be-a9d1-1d73f452934f,Base,morpho-v1,STEAKXSGD,,78205,0.94978,0.0,True,2025-12-14T21:56:31.158038,morpho-v1
b16ef7ec-4879-4862-93d2-195201b8958d,Unichain,euler-v2,USD₮0,EVK Vault eUSD₮0-1,78178,4.68585,,True,2025-12-14T21:56:31.158038,euler-v2
1a4d98a0-6c4e-4dc3-b3b5-879d08a2f41e,Arbitrum,fluid-lending,WSTUSR,,76412,0.0,0.0,True,2025-12-14T21:56:31.158038,fluid-lending
c567aaac-404f-48a1-93f1-c3c0c10c2645,Base,fluid-dex,YOUSD-USDC,,63284,0.01623,,True,2025-12-14T21:56:31.158038,fluid-dex
489a04bb-7b50-44d8-a6f7-1faea1bd85b4,Arbitrum,fluid-dex,USDE-GHO,,62246,0.67404,,True,2025-12-14T21:56:31.158038,fluid-dex
d2189156-1e68-40dd-b76c-4224c74f3d21,Hyperliquid,morpho-v1,HBUSDT,,55044,,,True,2025-12-14T21:56:31.158038,morpho-v1
dd9c7c82-1e07-4f02-a5e9-1f20ae8e8f48,Unichain,morpho-v1,RE7USDT0,,53242,0.01281,5.19586,True,2025-12-14T21:56:31.158038,morpho-v1
4bc192a6-9546-4bf9-b1fe-0ef81b5e8849,Base,morpho-v1,APRUSDC,,52323,5.74099,0.0,True,2025-12-14T21:56:31.158038,morpho-v1
d20373db-3ba5-4ed3-8984-109a8c84f6ee,Berachain,euler-v2,USDC.E,EVK Vault eUSDC.e-1,48727,0.24421,,True,2025-12-14T21:56:31.158038,euler-v2
5f3c00c6-363e-4cb6-80de-8ea3cc34ffe3,Arbitrum,morpho-v1,WSTUSR,,46677,,,True,2025-12-14T21:56:31.158038,morpho-v1
6c682632-a083-4af4-9d88-ab8f36b8864b,Arbitrum,euler-v2,USD₮0,EVK Vault eUSD₮0-1,43511,1.21501,,True,2025-12-14T21:56:31.158038,euler-v2
7e930fdf-5a52-4982-9ce3-0323fede4918,Base,morpho-v1,USDC,,43489,,,True,2025-12-14T21:56:31.158038,morpho-v1
7b536d29-adf2-4752-bb66-002afc1ffff8,Base,morpho-v1,STEAKUSDC,,41102,,,True,2025-12-14T21:56:31.158038,morpho-v1
a441b7f8-0c44-41ed-82d4-a1d87856c166,Polygon,fluid-dex,USDC-USDC,,36029,0.46944,,True,2025-12-14T21:56:31.158038,fluid-dex
76f65ec2-ea3d-42a2-9f9f-1542b48838e9,Base,euler-v2,USDC,EVK Vault eUSDC-29,33366,5.31732,,True,2025-12-14T21:56:31.158038,euler-v2
e101d8be-e718-4c00-bb5c-93e79608dd5d,Berachain,euler-v2,NECT,EVK Vault eNECT-2,33046,1.02288,,True,2025-12-14T21:56:31.158038,euler-v2
f078c20b-26fb-44b3-a22c-4889e87d72f8,Arbitrum,euler-v2,USD₮0,EVK Vault eUSD₮0-2,32067,0.73541,,True,2025-12-14T21:56:31.158038,euler-v2
8d28943c-5a6e-4206-89fd-06024bc029c0,Arbitrum,morpho-v1,SUSDE,,30510,,,True,2025-12-14T21:56:31.158038,morpho-v1
0e742d06-d258-4545-a091-8e6e6c276cca,Base,morpho-v1,UNIVERSALUSDC,,30395,3.09011,0.21226,True,2025-12-14T21:56:31.158038,morpho-v1
9653b4d9-8e11-4343-ac91-a8d19109fe1b,Berachain,euler-v2,USDC.E,EVK Vault eUSDC.e-3,29519,3.76499,,True,2025-12-14T21:56:31.158038,euler-v2
8a59bccb-5a9e-496f-9414-f45e80772e4e,Base,morpho-v1,BSDETH,,29099,,,True,2025-12-14T21:56:31.158038,morpho-v1
ba807c37-d6f4-493f-837e-f9454b76d1b4,Base,morpho-v1,STEAKEURA,,28685,10.41842,0.0,True,2025-12-14T21:56:31.158038,morpho-v1
6613a161-067c-4762-83dd-359be37b276f,Unichain,euler-v2,USDC,EVK Vault eUSDC-1,26758,6.0887,,True,2025-12-14T21:56:31.158038,euler-v2
21a5df54-c0eb-4868-baa6-e33340d0ee3f,Base,euler-v2,USR,EVK Vault eUSR-2,23667,0.36718,,True,2025-12-14T21:56:31.158038,euler-v2
7d4dfd89-eca9-434f-b651-0999f71cdb25,Berachain,euler-v2,USDC.E,EVK Vault eUSDC.e-2,18707,0.01928,,True,2025-12-14T21:56:31.158038,euler-v2
4bdf14cb-4872-4cc9-898b-b1f5dd57533a,Base,morpho-v1,MDEGEN,,16814,0.00021,0.0,True,2025-12-14T21:56:31.158038,morpho-v1
05a43e18-fb0d-4a0f-b04d-9ba2e32b3efd,Arbitrum,fluid-lending,SUSDE,,16619,0.0,0.0,True,2025-12-14T21:56:31.158038,fluid-lending
59e9979a-6dc9-4c58-8a82-7803635ae460,Hyperliquid,morpho-v1,HBUSDT,,15044,,,True,2025-12-14T21:56:31.158038,morpho-v1
35e786e4-8383-45d4-9194-3c625b603016,Base,morpho-v1,IONICUSDC,,13228,5.39995,0.0,True,2025-12-14T21:56:31.158038,morpho-v1
ad55910c-df9a-4654-adcf-62c54d2bab48,Base,morpho-v1,USR,,12532,,,True,2025-12-14T21:56:31.158038,morpho-v1
9b4a4f15-202d-4c4c-acda-a09249c2cd2a,Base,euler-v2,USDS,EVK Vault eUSDS-1,11707,3.72797,,True,2025-12-14T21:56:31.158038,euler-v2
d5033f1e-bec5-4f3a-a3c5-3233bdf93981,Base,morpho-v1,GTSUSDSC,,11041,0.86696,0.0,True,2025-12-14T21:56:31.158038,morpho-v1
df7516cd-a3c9-4ea6-9e78-da0df3e2b97b,Base,morpho-v1,CUSDO,,10082,,,True,2025-12-14T21:56:31.158038,morpho-v1
